,Tcell_1,Nkcell_2,Mgl_6,Mgl_7,Mgl_8,Mgl_9,Mgl_10,Mgl_11,Mgl_12,VendAC_14,VendC_15,VendVC_16,Vsmc_20,Per_21,Per_22,Fbl_25,Fbl_26,Fbl_27,Fbl_28,OPC_33,OPC_34,OPC_35,OPC_36,COP_37,COP_38,COP_39,Oligo_40,COP_41,Oligo_44,Oligo_45,Oligo_46,Oligo_47,Oligo_49,Astro_52,Astro_53,Astro_54,Astro_56,Astro_57,Astro_58,Astro_61,DLCT6b_98,DLCT6b_100,DLCT6b_105,DLCT6b_108,DLCT6b_110,ULIT_120,ULIT_121,ULIT_122,ULIT_123,ULIT_124,ULIT_126,ULIT_130,ULIT_131,ULIT_133,ULIT_135,DLIT_137,DLIT_139,DLIT_142,DLIT_143,DLIT_147,DLIT_148,DLIT_149,DLIT_150,Splat_235,Splat_237,Splat_238,MGE_239,MGE_240,MGE_241,MGE_242,MGE_243,MGE_244,MGE_245,MGE_248,MGE_249,MGE_250,MGE_251,MGE_252,MGE_253,MGE_254,MGE_255,MGE_256,MGE_257,MGE_258,MGE_259,MGE_260,MGE_261,MGE_262,MGE_263,LLC_264,LLC_265,LLC_266,LLC_267,LLC_268,LLC_269,LLC_270,LLC_271,LLC_272,LLC_273,LLC_274,LLC_275,CGE_277,CGE_278,CGE_279,CGE_280,CGE_281,CGE_282,CGE_283,CGE_284,CGE_285,CGE_286,CGE_287,CGE_288,CGE_289,CGE_290,CGE_291,CGE_292,CGE_293,CGE_294,CGE_295,CGE_296,Splat_313,Splat_403,Misc_404,Splat_409,Mono_3,DLNP_83,DLNP_86,DLNP_88,DLNP_89,DLNP_90,DLNP_91,DLNP_92,DLNP_93,DLNP_94,DLNP_96,DLCT6b_99,DLCT6b_106,DLCT6b_109,L5ET_114,Misc_116,ULIT_125,ULIT_127,ULIT_128,ULIT_129,ULIT_134,ULIT_138,DLIT_140,DLIT_141,DLIT_144,DLIT_151
APH - 12163,0.000140390284992279,4.67967616640928e-05,0.000187187046656371,0.00133370770742665,0.000350975712480696,0.00145069961158688,0.000584959520801161,0.00587299358884365,0.000374374093312743,2.33983808320464e-05,7.01951424961393e-05,4.67967616640928e-05,9.35935233281857e-05,7.01951424961393e-05,0.000116991904160232,0.000116991904160232,0.000163788665824325,0.000163788665824325,0.000444569235808882,0.000304178950816604,0.00456268426224905,0.005545416257195,0.000257382189152511,7.01951424961393e-05,0.000116991904160232,0.000116991904160232,0.00156769151574711,0.00109972389910618,0.0022696429407085,0.00828302681454443,0.00411811502644017,0.0177125742898591,0.000397772474144789,0.00152089475408302,2.33983808320464e-05,0.0160278908699518,0.000304178950816604,4.67967616640928e-05,0.00421170854976836,0.00098273199494595,2.33983808320464e-05,7.01951424961393e-05,9.35935233281857e-05,0.00098273199494595,0.000233983808320464,4.67967616640928e-05,0.000865740090785718,0.000491365997472975,0.000163788665824325,2.33983808320464e-05,0,4.67967616640928e-05,2.33983808320464e-05,2.33983808320464e-05,2.33983808320464e-05,0.00170808180073939,0.00163788665824325,0.000210585427488418,0.0265337638635406,0.00098273199494595,0.00107632551827414,2.33983808320464e-05,4.67967616640928e-05,0.00154429313491506,0.00187187046656371,0.00187187046656371,0.00212925265571622,0.000233983808320464,0.000748748186625485,0.00215265103654827,9.35935233281857e-05,0.00152089475408302,0.000772146567457532,0.000935935233281857,0.0136412560250831,0.0275866910009827,0.00168468341990734,0.00421170854976836,0.00191866722822781,0.00800224624455988,0.00229304132154055,0.00233983808320464,0.0117225887968553,0.0197950301839113,0.00919556366699424,0.0123543450793205,0.0165660536290889,0.00124011418409846,0.000163788665824325,0.00154429313491506,0.00603678225466798,0.00474987130890542,0.00116991904160232,0.000116991904160232,0.00638775796714867,0.000818943329121625,0.0109972389910618,0.00285460246150966,0.00491365997472975,0.00573260330385137,0.00348635874397492,0.00152089475408302,0.00999110861528382,0.0091253685244981,0.00856380738452899,0.00236323646403669,0.0103420843277645,0.0102016940427722,0.0122841499368244,0.00456268426224905,0.0210351443680097,0.0250830642519538,0.0270017314801816,0.0160746876316159,0.0163320698207684,0.0130562965042819,0.00804904300622397,0.0235855678787028,0.0174785904815387,0.00596658711217184,0.0137816463100753,0.00145069961158688,0.000140390284992279,0.000280780569984557,4.67967616640928e-05,0,0,0,0,0,0,0,0,0,0,0,0,0,0,0,0,0,0,0,0,0,0,0,0,0,0
CgGc - 12158,5.82326393943805e-05,2.91163196971903e-05,0,0.000116465278788761,0.000145581598485951,0.000553210074246615,0.000262046877274713,0.00218372397728927,0.000145581598485951,5.82326393943805e-05,0.000174697918183142,2.91163196971903e-05,5.82326393943805e-05,8.73489590915708e-05,5.82326393943805e-05,8.73489590915708e-05,5.82326393943805e-05,5.82326393943805e-05,0.000232930557577522,0.000436744795457854,0.00355219100305721,0.00474596011064202,8.73489590915708e-05,2.91163196971903e-05,0.000174697918183142,2.91163196971903e-05,0.000232930557577522,0.000116465278788761,0.00282428301062746,0.00655117193186781,0.00678410248944533,0.0163633716698209,0.000640559033338186,0.0159266268743631,2.91163196971903e-05,0.00177609550152861,0,8.73489590915708e-05,0.00294074828941622,0.00131023438637356,0.0020963750181977,0.00256223613335274,5.82326393943805e-05,0.0105692240500801,0.000436744795457854,0.00879312854855146,0.0128111806667637,0.0118212257970593,0.0938127820643471,0.0164798369486097,0.0101324792546222,0.0497889066821954,0.00125200174697918,0.000174697918183142,0.0357839569078468,0.0128111806667637,0.0219245887319843,0.00742466152278352,8.73489590915708e-05,0.00136846702576794,0.00264958509244432,0.0345028388411705,0.0165963022273985,0.000960838550007279,2.91163196971903e-05,0,0.0050953559470083,0.00107730382879604,0.00372688892124036,0.0191876546804484,0.0144125782501092,0.000844373271218518,0,0.00125200174697918,0.000582326393943806,0.0118503421167564,0.015460765759208,0.0118503421167564,0.00355219100305721,0.00617265977580434,0.0018052118212258,0.00282428301062746,0.0074828941621779,0.00692968408793129,0.016217790071335,0.00334837676517688,0.0216334255350124,0.00821080215460766,0.00602707817731839,0.00500800698791673,0.00200902605910613,2.91163196971903e-05,0.000116465278788761,2.91163196971903e-05,8.73489590915708e-05,0.00439656427427573,0.00133935070607075,0.000378512156063474,8.73489590915708e-05,0.00492065802882516,0.000349395836366283,0.000698791672732567,0.00422186635609259,0.00235842189547241,0.00273693405153589,0.000960838550007279,0.00640559033338186,0.00623089241519872,0.00465861115155044,0.00171786286213423,0.00812345319551609,0.00774494103945261,0.0129567622652497,0.00937545494249527,0.0147619740864755,0.00783228999854418,0.00937545494249527,0.0110933178046295,0.00602707817731839,0.00192167710001456,0.00617265977580434,8.73489590915708e-05,0,8.73489590915708e-05,0,2.91163196971903e-05,0.000232930557577522,0.00168874654243704,0.000611442713640996,0.000640559033338186,8.73489590915708e-05,0.00151404862425389,0.000203814237880332,0.00978308341825593,0.00212549133789489,8.73489590915708e-05,0.00285339933032465,0.0188091425243849,0.013772019216771,0.00171786286213423,5.82326393943805e-05,0.0204105401077304,0.000116465278788761,0.000494977434852235,0.0603581307322754,0.0164507206289125,0.0533410976852526,0.0176736060561945,0.00742466152278352,0.0311253457562964,8.73489590915708e-05
CgGr - 12157,0.000211111502058337,7.03705006861124e-05,0.000492593504802787,0.000985187009605573,0.00045740825445973,0.00228704127229865,0.00193518876886809,0.0127370606241863,0.000387037753773618,7.03705006861124e-05,0.000422223004116674,7.03705006861124e-05,0.000140741001372225,3.51852503430562e-05,7.03705006861124e-05,3.51852503430562e-05,7.03705006861124e-05,0.000387037753773618,0.000387037753773618,0.000351852503430562,0.00605186305900567,0.0113648358608071,3.51852503430562e-05,0.000105555751029169,0.000211111502058337,0,0.00102037225994863,0.000316667253087506,0.0073889025720418,0.0312093170542908,0.0016888920164667,0.0190352204355934,0.000950001759262517,0.0167129939129517,7.03705006861124e-05,0.00253333802470005,0.000351852503430562,0.000950001759262517,0.00239259702332782,0.00446852679356814,0.00745927307272791,0.00580556630660427,0.0128778016255586,0.00865557158439182,0.0257907885014602,0.0895816473734211,0.00186481826818198,0.00119629851166391,0.0079518665775307,0.00460926779494036,0.0737130994687027,0.00320185778121811,0.000844446008233349,0,0.0315611695577214,0.0233630062277893,0.0196333696914254,0.00408148903979452,0.0273037542662116,0.0187185531825059,0.0323000598149256,0.00731853207135569,0.00788149607684459,0.0016888920164667,0.000246296752401393,3.51852503430562e-05,0.00408148903979452,0.000844446008233349,0.00721297632032652,0.0141444706379086,0.00548889905351677,0.000668519756518068,0.000703705006861124,0.00154815101509447,0.00527778755145843,0.0179092924246156,0.0136870623834489,0.0141796558882516,0.00636853031209317,0.00598149255831955,0.00302593152950283,0.00439815629288202,0.0103796488512016,0.0157278069033461,0.0161500299074628,0.0125963196228141,0.0109426128566905,0.00833890433130432,0.00073889025720418,0.00390556278807924,0.00401111853910841,0.000246296752401393,0.000351852503430562,3.51852503430562e-05,0.00302593152950283,0.00228704127229865,0.00387037753773618,0.00274444952675838,0.00130185426269308,0.00320185778121811,0.00197037401921115,0.00109074276063474,0.00383519228739312,0.00429260054185286,0.00422223004116674,0.00179444776749587,0.00717779106998346,0.00823334858027515,0.00781112557615847,0.0020055592695542,0.00615741881003483,0.00492593504802787,0.0144611378909961,0.00900742408782238,0.00992224059674185,0.00643890081277928,0.00520741705077232,0.0114352063614933,0.0121740966186974,0.00274444952675838,0.00580556630660427,7.03705006861124e-05,0.00045740825445973,0.000105555751029169,7.03705006861124e-05,0,0.00045740825445973,7.03705006861124e-05,0.000633334506175011,0.00073889025720418,0.00439815629288202,0,0,0.00045740825445973,0,0,0.0124907638717849,0.0011259280109778,0.00028148200274445,0,0,0.000562964005488899,0.0254389359980296,7.03705006861124e-05,0.00517223180042926,7.03705006861124e-05,0.00837408958164737,0.00116111326132085,0.00489074979768481,0.0142148411385947,3.51852503430562e-05
Cun - 12150,0.000101781170483461,6.78541136556404e-05,6.78541136556404e-05,0.00130619168787108,0.000271416454622562,0.00101781170483461,0.000814249363867684,0.00530958439355386,0.000390161153519932,0.000101781170483461,0.000458015267175573,0.000203562340966921,6.78541136556404e-05,6.78541136556404e-05,0.000203562340966921,0.000152671755725191,0.000101781170483461,0.000152671755725191,0.000271416454622562,0.000237489397794741,0.00837998303647159,0.0052078032230704,0.000135708227311281,0.000186598812553011,0.000135708227311281,1.69635284139101e-05,0.000491942324003393,3.39270568278202e-05,0.00464800678541137,0.0158269720101781,0.00600508905852417,0.0160983884648007,0.00113655640373198,0.0204240882103478,1.69635284139101e-05,0.00135708227311281,6.78541136556404e-05,5.08905852417303e-05,0.00332485156912638,0.00232400339270568,0.00157760814249364,0.00113655640373198,0.00111959287531807,0.00251060220525869,0.0011704834605598,0.000220525869380831,0.00972010178117048,0.0132994062765055,0.123681085665818,0.00961832061068702,0.00213740458015267,0.0163528413910093,0.000203562340966921,0.107396098388465,0.0090754877014419,0.0183545377438507,0.0166751484308736,0.00631043256997455,0.000271416454622562,0.00110262934690416,0.00364715860899067,0.0293808312128923,0.0122137404580153,0.000322307039864292,0,0,0.00442748091603053,0.000661577608142494,0.00229007633587786,0.00586938083121289,0.0197794741306192,0.000288379983036472,0,0.00145886344359627,0.000559796437659033,0.0104325699745547,0.014520780322307,0.00960135708227311,0.00227311280746395,0.00424088210347752,0.000932994062765055,0.00196776929601357,0.00332485156912638,0.00524173027989822,0.00737913486005089,0.000610687022900763,0.020763358778626,0.00895674300254453,0.00659881255301103,0.00685326547921968,0.000780322307039864,1.69635284139101e-05,0,0,3.39270568278202e-05,0.00332485156912638,0.000152671755725191,0.000220525869380831,0.000101781170483461,0.00378286683630195,0.000135708227311281,0.000288379983036472,0.00229007633587786,0.00106870229007634,0.00157760814249364,0.000542832909245123,0.00732824427480916,0.00490245971162002,0.00332485156912638,0.00152671755725191,0.0065479219677693,0.00490245971162002,0.0102120441051739,0.00832909245122986,0.015470737913486,0.00727735368956743,0.0117387616624258,0.00973706530958439,0.00434266327396098,0.0018490245971162,0.00483460559796438,8.48176420695505e-05,6.78541136556404e-05,0.000169635284139101,0,1.69635284139101e-05,0.000322307039864292,0.000797285835453774,0.000305343511450382,5.08905852417303e-05,0,0.0011704834605598,0.00273112807463953,0.00125530110262935,0.0045462256149279,8.48176420695505e-05,0.00130619168787108,0.00795589482612383,0.0137234944868533,0.000237489397794741,0.000220525869380831,0.03774385072095,8.48176420695505e-05,1.69635284139101e-05,0.0241051738761662,0.0234266327396098,0.0836471586089907,0.0240542832909245,0.0140288379983036,0.0127226463104326,6.78541136556404e-05
FuGt - 12143,0.000195248942401562,0,6.50829808005207e-05,0.000846078750406769,6.50829808005207e-05,0.000748454279205988,0.00104132769280833,0.00416531077123332,0.000162707452001302,0,0.000195248942401562,3.25414904002603e-05,6.50829808005207e-05,3.25414904002603e-05,0.000227790432801822,3.25414904002603e-05,0.000130165961601041,9.7624471200781e-05,0.000227790432801822,9.7624471200781e-05,0.00325414904002603,0.00608525870484868,0.000162707452001302,0.000195248942401562,0,3.25414904002603e-05,0.000813537260006508,9.7624471200781e-05,0.00305890009762447,0.0147087536609177,0.00315652456882525,0.0178978197201432,0.000455580865603645,0.0151643345265213,0,0.00341685649202733,3.25414904002603e-05,9.7624471200781e-05,0.0018874064432151,0.00195248942401562,0.00198503091441588,0.00143182557761145,0.00341685649202733,0.000878620240807029,0.00741945981125936,9.7624471200781e-05,0.079629027009437,0.0806703547022454,0.0169866579889359,0.0116823950536935,0.0144484217377156,0.020501138952164,0,0.000227790432801822,0.0195574357305565,0.0178001952489424,0.0238529124633908,0.00940449072567524,0.00868857793686951,0.0101529450048812,0.0194272697689554,0.00855841197526847,0.0103156524568825,0.000683371298405467,0,3.25414904002603e-05,0.00423039375203384,0.00097624471200781,0.00468597461763749,0.00849332899446795,0.0177025707777416,0.000618288317604946,0.000130165961601041,0.00214773836641718,0.00143182557761145,0.0110966482264888,0.022746501789782,0.013374552554507,0.00442564269443541,0.00533680442564269,0.00250569476082005,0.00553205336804426,0.00933940774487471,0.00963228115847706,0.0141880898145135,0.00198503091441588,0.0166937845753336,0.0123006833712984,0.00335177351122681,0.00169215750081354,0.00149690855841198,0.000195248942401562,0.000162707452001302,6.50829808005207e-05,0.000260331923202083,0.00338431500162707,0.00182232346241458,0.00130165961601041,0.000260331923202083,0.00605271721444842,0.0020501138952164,0.000650829808005207,0.00315652456882525,0.00165961601041328,0.00211519687601692,0.000813537260006508,0.0075496257728604,0.00611780019524894,0.00504393101204035,0.00175724048161406,0.00608525870484868,0.00575984380084608,0.0153921249593231,0.0121379759192971,0.0186788154897494,0.00715912788805727,0.00950211519687602,0.0128213472177026,0.00465343312723723,0.00211519687601692,0.00520663846404165,3.25414904002603e-05,3.25414904002603e-05,0.000130165961601041,0,3.25414904002603e-05,0.000357956394402864,0.00100878620240807,0.00263586072242109,0,3.25414904002603e-05,0.00387243735763098,0.0039375203384315,0.000553205336804426,0.00543442889684348,0.000488122356003905,0.00094370322160755,0.00178978197201432,0.0122681418808981,0.000325414904002603,0.000911161731207289,0.00891636836967133,0.0100878620240807,0,0.0344288968434754,0.0082004555808656,0.0808656036446469,0.00579238529124634,0.0184510250569476,0.0263260657338106,0.00120403514480963
IFGtr - IFGop,2.89125972186081e-05,2.89125972186081e-05,2.89125972186081e-05,0.000722814930465204,0.000144562986093041,0.00031803856940469,0.000578251944372163,0.00404776361060514,2.89125972186081e-05,0,0.000578251944372163,0.000115650388874433,8.67377916558244e-05,0.000144562986093041,0.000231300777748865,2.89125972186081e-05,2.89125972186081e-05,0.000202388180530257,5.78251944372163e-05,0.000144562986093041,0.00393211322173071,0.00618729580478214,0.000115650388874433,0.000289125972186081,0.000231300777748865,2.89125972186081e-05,0.000433688958279122,2.89125972186081e-05,0.00329603608292133,0.0095700696793593,0.00381646283285628,0.0134154451094342,0.000809552722121028,0.01578627808136,5.78251944372163e-05,0.00147454245814902,0.00046260155549773,0.00031803856940469,0.00433688958279122,0.00153236765258623,0.00242865816636308,0.000867377916558244,8.67377916558244e-05,0.0139647844565877,0.0032092982912655,0.0225518258305144,0.000520426749934947,0.00159019284702345,0.0536039552432995,0.077543585740307,0.013357619914997,0.00714141151299621,0.0150056379564576,0,0.0283921704686732,0.0161910544424206,0.0274669673576777,0.00332494868013994,0,0.00124324168040015,0.00292017231907942,0.0265128516494637,0.0130974065400295,0.000867377916558244,5.78251944372163e-05,5.78251944372163e-05,0.00876051695723827,0.00118541648596293,0.00555121866597276,0.0129817561511551,0.0173186457339463,0.000520426749934947,5.78251944372163e-05,0.00138780466649319,0.000867377916558244,0.0149189001648018,0.016162141845202,0.0132419695261225,0.00367189984676323,0.00537774308266112,0.00144562986093041,0.00222626998583283,0.00702576112412178,0.00598490762425189,0.0183884118310348,0.00387428802729349,0.0241131060803192,0.00965680747101512,0.00592708242981467,0.00667880995749848,0.00228409518027004,0.000115650388874433,2.89125972186081e-05,2.89125972186081e-05,0.000202388180530257,0.00526209269378668,0.00112759129152572,0.000983028305432677,0.000115650388874433,0.00540665567987972,0.000231300777748865,0.00118541648596293,0.00508861711047503,0.00216844479139561,0.00251539595801891,0.00101194090265129,0.00870269176280105,0.00818226501286611,0.00659207216584266,0.00265995894411195,0.0117385144707549,0.00933876890161043,0.0155260647063926,0.00930985630439182,0.0137913088732761,0.00670772255471709,0.0102928846098245,0.0106687483736664,0.00858704137392662,0.00286234712464221,0.00664989736027987,2.89125972186081e-05,0.000115650388874433,0.000260213374967473,0,5.78251944372163e-05,0.000260213374967473,0.00159019284702345,0.000346951166623298,0.00257322115245613,0.00430797698557261,5.78251944372163e-05,0.000173475583311649,0.00485731633272617,8.67377916558244e-05,0,0.00208170699973979,0.0113915633041316,0.00196605661086535,0.000838465319339636,0,0.00245757076358169,0.000173475583311649,0.00156128024980484,0.0798565935177957,0.015641715095267,0.0716743285049296,0.0139069592621505,0.0114783010957874,0.018301674039379,0.000144562986093041
ITG - 12142,0.00035042225882188,3.5042225882188e-05,7.00844517643761e-05,0.00143673126116971,0.000560675614115009,0.00171706906822721,0.00122647790587658,0.00774433191996356,0.00017521112941094,0.000140168903528752,0.000140168903528752,0.000105126677646564,3.5042225882188e-05,0,0.00035042225882188,0,3.5042225882188e-05,0.000140168903528752,0.000140168903528752,3.5042225882188e-05,0.00452044713880226,0.0119143567999439,0.000140168903528752,0.000210253355293128,0.000140168903528752,3.5042225882188e-05,0.000560675614115009,0.000105126677646564,0.00238287135998879,0.014157059256404,0.0035042225882188,0.0200791954304937,0.000560675614115009,0.022917615726951,3.5042225882188e-05,0.00196236464940253,0.000105126677646564,0.000105126677646564,0.00346918036233662,0.000805971195290325,0.00203244910116691,0.000700844517643761,0.000245295581175316,0.000630760065879385,0.00473070049409539,0,0.0517573676279917,0.0683673826961489,0.0195886042681431,0.0279286540281039,0.0132459613834671,0.0142621859340505,0.000105126677646564,0,0.0116340189928864,0.0121246101552371,0.024599642569296,0.00620247398114728,0.000420506710586256,0.00276833584469285,0.00539650278585696,0.0165048883905106,0.00998703437642359,0.000420506710586256,0,0.000280337807057504,0.00707852962820198,0.00136664680940533,0.00662298069173354,0.0156989171952202,0.0192732242352034,0.000735886743525949,0.000140168903528752,0.00108630900234783,0.00171706906822721,0.0134912569646424,0.0156288327434559,0.0130006658022918,0.00343413813645443,0.00434523600939132,0.00231278690822441,0.00501103830115289,0.00928618985877983,0.00634264288467603,0.0172057329081543,0.00245295581175316,0.0168903528752146,0.0105126677646564,0.00248799803763535,0.00634264288467603,0.00245295581175316,0,0,0,0.000420506710586256,0.00336405368469005,0.00199740687528472,0.000911097872936889,3.5042225882188e-05,0.00543154501173915,0.00287346252233942,0.000560675614115009,0.00648281178820479,0.00227774468234222,0.0035042225882188,0.000735886743525949,0.00949644321407296,0.0112835967340645,0.00665802291761573,0.00178715351999159,0.0116690612187686,0.0084802186634895,0.018081788555209,0.0159442127763956,0.0252304026351754,0.011739145670533,0.0149279882258121,0.0187475908469706,0.00627255843291166,0.00357430703998318,0.00627255843291166,3.5042225882188e-05,3.5042225882188e-05,0.000525633388232821,0,0,0.000280337807057504,0.000455548936468444,0.00206749132704909,0,0,0.00280337807057504,0.00241791358587097,0.000595717839997197,0.00462557381644882,0.000315380032939692,0.00115639345411221,0.00392472929880506,0.0106528366681852,0.000665802291761573,0.000455548936468444,0.0122297368328836,0.00115639345411221,0,0.0417703332515681,0.00588709394820759,0.0828748642113747,0.00630760065879385,0.0103024144093633,0.0207449977222553,0.0076041630164348
LiG - 12151,0.000271542360608255,9.05141202027516e-05,0.000150856867004586,0.00132754042964036,0.000452570601013758,0.000874969828626599,0.000874969828626599,0.00340936519430364,0.000301713734009172,0,0.000331885107410089,6.03427468018344e-05,6.03427468018344e-05,0.000150856867004586,0.000271542360608255,9.05141202027516e-05,0,6.03427468018344e-05,6.03427468018344e-05,0.000452570601013758,0.00923244026068067,0.00126719768283852,6.03427468018344e-05,9.05141202027516e-05,0.00021119961380642,3.01713734009172e-05,0.000603427468018344,9.05141202027516e-05,0.00594376055998069,0.00893072652667149,0.00899106927347333,0.0144822592324403,0.0021119961380642,0.0192795076031861,0,0.000633598841419261,3.01713734009172e-05,6.03427468018344e-05,0.0029869659666908,0.00253439536567705,0.00132754042964036,0.00075428433502293,0,0.00150856867004586,0.000271542360608255,0,0.000724112961622013,0.00482741974414675,0.105871349263818,0.000362056480811006,0,0.0141202027516293,3.01713734009172e-05,0.377534395365677,0.000301713734009172,0.0179217958001448,0.00660753077480087,0.000633598841419261,0,9.05141202027516e-05,0,0.0318609703113686,0.0139391745112238,0.000301713734009172,0,0,0.0034998793145064,0.000844798455225682,0.000663770214820179,0.00365073618151098,0.0141805454984311,0.000181028240405503,3.01713734009172e-05,0.00844798455225682,0.000150856867004586,0.0084178131788559,0.00739198648322472,0.00555153270576877,0.00135771180304127,0.00277576635288438,0.000693941588221096,0.00117668356263577,0.000965483948829351,0.00286628047308714,0.00356022206130823,9.05141202027516e-05,0.0201243060584118,0.00509896210475501,0.0179217958001448,0.00537050446536326,0.00054308472121651,0,0,0,0,0.0021119961380642,3.01713734009172e-05,0,9.05141202027516e-05,0.00259473811247888,3.01713734009172e-05,0.000150856867004586,0.00135771180304127,0.000452570601013758,0.00054308472121651,0.000120685493603669,0.00434467776973208,0.00253439536567705,0.0017499396572532,0.000995655322230268,0.00362056480811007,0.00307748008689356,0.00739198648322472,0.00404296403572291,0.0106504948105238,0.00401279266232199,0.0082367849384504,0.00537050446536326,0.00313782283369539,0.000844798455225682,0.00295679459328989,9.05141202027516e-05,0,0.000392227854211924,0,3.01713734009172e-05,0.000512913347815593,0.00108616944243302,6.03427468018344e-05,0,0,0.000120685493603669,0.00208182476466329,0.000482741974414675,0.00289645184648805,0,0.00162925416364953,0.00615496017378711,0.00799541395124306,3.01713734009172e-05,0.000422399227612841,0.0197019068307989,0,0,0.00159908279024861,0.00877986965966691,0.0345763939174511,0.0301110306541154,0.00624547429398986,0.00283610909968622,3.01713734009172e-05
LIG - 12177,8.34910386285205e-05,2.78303462095068e-05,0.000361794500723589,0.000695758655237671,0.000612267616609151,0.000751419347656685,0.000779249693866192,0.0077090059000334,0.000389624846933096,0,0.000166982077257041,8.34910386285205e-05,0.000111321384838027,8.34910386285205e-05,8.34910386285205e-05,0,8.34910386285205e-05,0.000194812423466548,0.000222642769676055,2.78303462095068e-05,0.00339530223755984,0.0137203606812869,0.000166982077257041,0.000278303462095068,0.000139151731047534,2.78303462095068e-05,0.000667928309028164,8.34910386285205e-05,0.00211510631192252,0.0124123344094401,0.00286652565957921,0.01410998552822,0.000361794500723589,0.0173939663809418,5.56606924190137e-05,0.00392407881554047,0.000111321384838027,0.000222642769676055,0.00450851608594011,0.00116887454079929,0.0036457753534454,0.00175331181119893,0.00628965824334855,0.0032561505065123,0.0130246020260492,0.0116052543693644,0.0918958031837916,0.0790103528887899,0.00553823889569186,0.00718022932205277,0.0622843148168763,0.00423021262384504,0.00097406211733274,0,0.0235444728932428,0.0156684849159524,0.018451519536903,0.00264388288990315,0.0175331181119893,0.0213180451964822,0.0259657130134699,0.00297784704441723,0.0085439162863186,0.00105755315596126,0.000222642769676055,0.000139151731047534,0.0024212401202271,0.00139151731047534,0.00907269286429923,0.0152231993766002,0.0116330847155739,0.00114104419458978,0.000556606924190137,0.00222642769676055,0.00506512301013025,0.0129132806412112,0.0111321384838027,0.00982411221195592,0.00420238227763553,0.00395190916174997,0.0024490704664366,0.00275520427474118,0.00949014805744183,0.00957363909607035,0.0182010464210175,0.00801513970833797,0.00776466659245241,0.00539908716464433,0.000807080040075699,0.00178114215740844,0.00256039185127463,5.56606924190137e-05,2.78303462095068e-05,0,0.00144717800289436,0.00214293665813203,0.00278303462095068,0.00166982077257041,0.000361794500723589,0.00275520427474118,0.00114104419458978,0.00192029388845597,0.00665145274407214,0.00361794500723589,0.00409106089279751,0.00217076700434153,0.00712456862963375,0.00996326394300345,0.00548257820327285,0.00286652565957921,0.00859957697873761,0.00712456862963375,0.0143604586441055,0.0106868529444506,0.0132472447957253,0.0101302460202605,0.00807080040075699,0.0111599688300122,0.00598352443504397,0.00267171323611266,0.00500946231771123,2.78303462095068e-05,0.000111321384838027,0.000194812423466548,0.000306133808304575,0,0.000417455193142603,0.00125236557942781,0.00551040854948236,0.00155849938773238,0.00116887454079929,0.00439719470110208,0.00322832016030279,0.000333964154514082,0.00272737392853167,0.00178114215740844,0.00359011466102638,0.000890571078704219,0.00979628186574641,8.34910386285205e-05,0.0057052209729489,0.00818212178559501,0.0232383390849382,2.78303462095068e-05,0.00539908716464433,0.000278303462095068,0.0354280307247022,0.000779249693866192,0.00996326394300345,0.0139151731047534,0.0236001335856618
MFG - 12116,0,6.69568128557081e-05,0.000100435219283562,0.000703046534984935,0.000301305657850686,0.000903916973552059,0.000703046534984935,0.00425175761633746,0.00016739203213927,3.3478406427854e-05,0.000100435219283562,6.69568128557081e-05,0.000100435219283562,0.00016739203213927,0.00016739203213927,0,3.3478406427854e-05,0.000133913625711416,0.000100435219283562,0.000133913625711416,0.00562437227987948,0.00990960830264479,0.000133913625711416,0.000234348844994978,0.000100435219283562,0,0.000970873786407767,0.000200870438567124,0.00254435888851691,0.0164378975560763,0.00545698024774021,0.0222631402745229,0.000636089722129227,0.0246066287244727,3.3478406427854e-05,0.00117174422497489,6.69568128557081e-05,6.69568128557081e-05,0.00472045530632742,0.00160696350853699,0.00331436223635755,0.000836960160696351,0.00016739203213927,0.0140944091061265,0.00599263475058587,0.0199196518245731,0.000903916973552059,0.00147304988282558,0.0560763307666555,0.0572480749916304,0.0164378975560763,0.00595915634415802,0.0122530967525946,0,0.0309005691329093,0.0152326749246736,0.0280549045865417,0.00726481419484433,0.000569132909273519,0.00180783394710412,0.00241044526280549,0.0362236357549381,0.0120187479075996,0.000569132909273519,3.3478406427854e-05,0,0.0083026447941078,0.00150652828925343,0.00498828255775025,0.0133913625711416,0.012387010378306,0.000602611315701373,6.69568128557081e-05,0.00107130900569133,0.00107130900569133,0.0174757281553398,0.0178774690324741,0.0127552728490124,0.00388349514563107,0.00565785068630733,0.00170739872782056,0.00224305323066622,0.00766655507197857,0.0062604620020087,0.0139270170739873,0.00428523602276532,0.0231001004352193,0.0102109139604955,0.00475393371275527,0.00472045530632742,0.00344827586206897,6.69568128557081e-05,0,0,0.000267827251422832,0.00478741211918313,0.000836960160696351,0.000703046534984935,3.3478406427854e-05,0.00405088717777034,0.00033478406427854,0.000903916973552059,0.00441914964847673,0.00217609641781051,0.00190826916638768,0.000937395379979913,0.00803481754268497,0.00672915969199866,0.0058252427184466,0.00241044526280549,0.0104452628054905,0.0083026447941078,0.013759625041848,0.00967525945764982,0.0134248409775695,0.0049548041513224,0.00984265148978909,0.0108470036826247,0.00860395045195849,0.00281218613993974,0.00542350184131235,3.3478406427854e-05,0.000100435219283562,0.000803481754268497,3.3478406427854e-05,0,0.000267827251422832,0.00130565785068631,0.000368262470706394,0.00277870773351188,0.00301305657850686,3.3478406427854e-05,0,0.00522263140274523,6.69568128557081e-05,0,0.00395045195848678,0.0146300636089722,0.00150652828925343,0.000703046534984935,0,0.00194174757281553,0.000703046534984935,0.00160696350853699,0.0853364579845999,0.0147974556411115,0.0525945764981587,0.0137261466354202,0.00984265148978909,0.02293270840308,6.69568128557081e-05
MTG - 12141,0.000244704592615794,8.80936533416859e-05,0.000225128225206531,0.00294624329509416,0.000802631063779805,0.00214361223131436,0.0035139579499628,0.0111095885047571,0.00100818292157707,8.80936533416859e-05,0.000841783798598332,0.000205551857797267,4.89409185231588e-05,0.000215340041501899,0.000460044634117693,0.000127246388160213,0.000156610939274108,0.000401315531889903,0.000430680083003798,0.000597079205982538,0.0100720410320661,0.0186464899573235,0.00016639912297874,0.000352374613366744,0.000274069143729689,1.95763674092635e-05,0.00161505031126424,2.93645511138953e-05,0.00776202967777299,0.0374887435887397,0.0121079832426295,0.051701186327865,0.00196742492463099,0.0371265807916683,2.93645511138953e-05,0.00280920872322932,3.91527348185271e-05,0.000107670020750949,0.00393484984926197,0.00432637719744724,0.00373908617516934,0.00110606475862339,0.000969030186758545,0.000812419247484437,0.005422653772366,5.87291022277906e-05,0.0340628792921186,0.0372342508124192,0.0223953643161975,0.0343271602521436,0.0137523981050076,0.0187737363454837,0.000205551857797267,2.93645511138953e-05,0.0164833013585999,0.0126854860812028,0.0284248854782507,0.00977839552092714,0.000264280960025058,0.00464938725970009,0.0111976821580987,0.0222876942954465,0.00854508437414353,0.000636231940801065,4.89409185231588e-05,8.80936533416859e-05,0.00401315531889903,0.00093966563564465,0.0033279824595748,0.0091813163149446,0.0126659097137935,0.00060686738968717,9.78818370463177e-05,0.00109627657491876,0.0012626756978975,0.00913237539642144,0.0106299675032301,0.00938686817274187,0.00293645511138953,0.00449277632042598,0.00138013390235308,0.00280920872322932,0.00605888571316706,0.00529540738420579,0.0104342038291375,0.00131161661642066,0.013184683450139,0.00709643318585803,0.00197721310833562,0.00273090325359226,0.00143886300458087,5.87291022277906e-05,0,3.91527348185271e-05,0.000107670020750949,0.00227085861947457,0.00171293214831056,0.000450256450413061,0.000127246388160213,0.00463959907599546,0.00122352296307897,0.000685172859324224,0.00305391331584511,0.00176187306683372,0.0018499667201754,0.000763478328961278,0.00489409185231588,0.00533456011902431,0.00429701264633335,0.00165420304608277,0.00643083669394307,0.00684194040953761,0.011882855017423,0.00913237539642144,0.0143788418621041,0.00746838416663404,0.00830037978152774,0.00991543009279198,0.00400336713519439,0.00164441486237814,0.00423828354410556,2.93645511138953e-05,0,0.000146822755569477,9.78818370463177e-06,4.89409185231588e-05,0.000215340041501899,0.000577502838573274,0.0023100113542931,1.95763674092635e-05,0,0.00237852864022552,0.00247641047727184,0.000117458204455581,0.00448298813672135,0.000597079205982538,0.00302454876473122,0.00765435965702204,0.00995458282761051,0.00077326651266591,0.000597079205982538,0.0145256646176735,0.000391527348185271,0,0.0593751223522963,0.0102678047061587,0.0795289926001331,0.0089953408245566,0.00758584237108962,0.0308915077718179,0.00577502838573274
PaO - 13230,7.41619697419163e-05,2.47206565806388e-05,0.00019776525264511,0.00116187085929002,0.000346089192128943,0.00126075348561258,0.000840502323741719,0.006501532680708,0.000494413131612776,9.88826263225551e-05,0.000321368535548304,9.88826263225551e-05,0,7.41619697419163e-05,0.000346089192128943,2.47206565806388e-05,2.47206565806388e-05,0.000321368535548304,0.000543854444774053,0.000123603282903194,0.00333728863838624,0.00949273212696529,4.94413131612776e-05,9.88826263225551e-05,0.00019776525264511,0,0.000642737071096608,9.88826263225551e-05,0.00395530505290221,0.014511025412835,0.00373281914367646,0.0135469198061901,0.00123603282903194,0.0229654899634134,2.47206565806388e-05,0.00187876990012855,4.94413131612776e-05,0.000123603282903194,0.00385642242657965,0.00101354691980619,0.00217541777909621,0.00113715020270938,0.000148323939483833,0.00536438247799862,0.00262038959754771,0.028675961633541,0.0130277860179966,0.0475131019479877,0.0621477306437259,0.0360921586077326,0.0232868584989617,0.00687234252941758,0.0183921684959953,2.47206565806388e-05,0.0267971917334124,0.014436863443093,0.0258330861267675,0.00615544348857906,0.000914664293483635,0.00217541777909621,0.00551270641748245,0.0249925838030258,0.0133738752101256,0.000741619697419163,0,2.47206565806388e-05,0.00524077919509542,0.0015326807079996,0.00699594581232077,0.0166370018787699,0.0144121427865124,0.000716899040838525,0.00019776525264511,0.00148323939483833,0.0021012558093543,0.0144615840996737,0.0144615840996737,0.0121625630376743,0.00444971818451498,0.00464748343716009,0.00168100464748344,0.00299119944625729,0.00800949273212696,0.00583407495303075,0.0171561356669633,0.0044002768713537,0.0188124196578661,0.00988826263225551,0.00568575101354692,0.00524077919509542,0.00348561257787007,2.47206565806388e-05,2.47206565806388e-05,0,0.000271927222387027,0.00365865717393454,0.00111242954612875,0.000766340353999802,2.47206565806388e-05,0.00474636606348265,0.000420251161870859,0.000889943636902996,0.00341145060812815,0.0024226243449026,0.00185404924354791,0.00113715020270938,0.00721843172154652,0.00669929793335311,0.00578463363986948,0.00252150697122516,0.00796005141896569,0.00625432611490161,0.0127064174824483,0.00810837535844952,0.0133985958667062,0.00697122515574014,0.00776228616632058,0.0109018095520617,0.0080342133887076,0.00289231681993474,0.00538910313457925,4.94413131612776e-05,9.88826263225551e-05,0.000791061010580441,7.41619697419163e-05,7.41619697419163e-05,0.000222485909225749,0.00224957974883813,0.000840502323741719,0.00185404924354791,0.00212597646593494,0.000568575101354692,0.00254622762780579,0.00224957974883813,0.00108770888954811,0.000469692475032137,0.00170572530406408,0.00729259369128844,0.00983882131909423,0.000370809848709582,0.000568575101354692,0.0130772273311579,0.000667457727677247,0.00600711954909522,0.0417779096212795,0.0119895184416098,0.0552753881143083,0.0131761099574805,0.0109018095520617,0.0284534757243152,0.00385642242657965
PoCG - 12132,2.74273176083379e-05,8.22819528250137e-05,0.000109709270433352,0.00285244103126714,0.000219418540866703,0.000438837081733406,0.000822819528250137,0.00392210641799232,0.000575973669775096,5.48546352166758e-05,0.000329127811300055,0,8.22819528250137e-05,8.22819528250137e-05,8.22819528250137e-05,0,2.74273176083379e-05,8.22819528250137e-05,0.000164563905650027,0.000329127811300055,0.00331870543060889,0.00164563905650027,2.74273176083379e-05,5.48546352166758e-05,2.74273176083379e-05,0,0.000274273176083379,5.48546352166758e-05,0.00617114646187603,0.0103126714207351,0.0114097641250686,0.0107789358200768,0.00219418540866703,0.0130554031815688,0,0.000740537575425123,0,2.74273176083379e-05,0.00148107515085025,0.00263302249040044,0.00370268787712562,0.00197476686780033,0,0.0101755348326934,0.00142622051563357,0.0249588590235875,0.00329127811300055,0.00603400987383434,0.0858475041140976,0.0110806363137685,0.00172792100932529,0.00469007131102578,0.0648930334613275,0.000822819528250137,0.0290455293472298,0.0105869445968184,0.0184585847504114,0.013878222709819,2.74273176083379e-05,0.00224904004388371,0.00307185957213385,0.0471749862863412,0.0135765222161273,0.0013713658804169,0,8.22819528250137e-05,0.00562260010970927,0.000822819528250137,0.00422380691168404,0.0145090510148108,0.0137410861217773,0.000438837081733406,0,0.00213933077345036,0.00112452002194185,0.0153592978606692,0.0154964344487109,0.0189797037849698,0.00394953373560066,0.00660998354360944,0.00211190345584202,0.00425123422929238,0.0062260010970927,0.00773450356555129,0.00932528798683489,0.0015907844212836,0.0226001097092704,0.0078167855183763,0.0110257816785518,0.0102578167855184,0.00191991223258365,0,8.22819528250137e-05,2.74273176083379e-05,0.000191991223258365,0.0057871640153593,0.000329127811300055,0.000411409764125069,0.000191991223258365,0.0073779484366429,0.000274273176083379,0.000987383433900165,0.0036204059243006,0.00170049369171695,0.00142622051563357,0.000548546352166758,0.00707624794295118,0.00551289083927592,0.00474492594624246,0.00307185957213385,0.00924300603400987,0.0073779484366429,0.0151947339550192,0.00995611629182666,0.0162095447065277,0.0054306088864509,0.0094075699396599,0.0117114646187603,0.0083927591881514,0.00323642347778387,0.00863960504662644,2.74273176083379e-05,0.000164563905650027,2.74273176083379e-05,0,2.74273176083379e-05,0.000575973669775096,0.00351069665386725,0.000548546352166758,0.00287986834887548,0.00309928688974218,0.00052111903455842,0.00216675809105869,0.00309928688974218,0.00109709270433352,0.000191991223258365,0.00364783324190894,0.0148930334613275,0.0102029621503017,0.000438837081733406,0.00052111903455842,0.0107789358200768,5.48546352166758e-05,0.0520844761382337,0.0224081184860121,0.00858475041140976,0.0407021393307734,0.0203510696653867,0.0052111903455842,0.0186780032912781,8.22819528250137e-05
POrG - 12124,3.06579189404623e-05,6.13158378809246e-05,6.13158378809246e-05,0.000551842540928322,0.000183947513642774,0.000521184621987859,0.000459868784106935,0.00297381813722485,6.13158378809246e-05,0,0.000245263351523699,0,0,6.13158378809246e-05,0.000214605432583236,0,0,6.13158378809246e-05,0.00039855294622601,0.000521184621987859,0.00334171316451039,0.00619289962597339,9.1973756821387e-05,0.000122631675761849,0.000183947513642774,0,0.000275921270464161,0,0.00346434484027224,0.0101171132503526,0.0037402661107364,0.0121711938193635,0.000827763811392483,0.0165552762278497,3.06579189404623e-05,0.00229934392053467,0,9.1973756821387e-05,0.0023606597584156,0.0016248697038445,0.00364829235391502,0.00168618554172543,0.000950395487154332,0.0141639585504936,0.00751119014041327,0.0225948862591207,0.00134894843338034,0.0026059231099393,0.0344288429701392,0.0770740082163223,0.0435955607333374,0.00775645349193697,0.0125390888466491,9.1973756821387e-05,0.0247409405849531,0.0297381813722485,0.0253540989637623,0.00493592494941443,0.00141026427126127,0.00462934576000981,0.0115886933594948,0.0301980501563554,0.0140719847936722,0.000950395487154332,9.1973756821387e-05,0,0.00677540008584217,0.000735790054571096,0.00318842356980808,0.0134894843338034,0.0118339567110185,0.000643816297749709,0.000122631675761849,0.000889079649273407,0.00134894843338034,0.0120485621436017,0.0114354037647924,0.00944263903366239,0.00582500459868784,0.00502789870623582,0.0016248697038445,0.00245263351523699,0.00867619106015084,0.00922803360107916,0.0173523821203017,0.00656079465325894,0.0180881721748728,0.00968790238518609,0.00536513581458091,0.00324973940768901,0.00318842356980808,6.13158378809246e-05,3.06579189404623e-05,0,0.000643816297749709,0.00478263535471212,0.00199276473113005,0.00144092219020173,0.000183947513642774,0.00475197743577166,0.00104236924397572,0.00153289594702312,0.00484395119259305,0.00297381813722485,0.00257526519099883,0.00159421178490404,0.00705132135630633,0.00833895395180575,0.00643816297749709,0.00242197559629652,0.0111901404132687,0.00518118830093813,0.0150223802808265,0.00619289962597339,0.0105769820344595,0.0077257955729965,0.00738855846465142,0.0108835612238641,0.0101784290882335,0.00233000183947514,0.00478263535471212,6.13158378809246e-05,0.000214605432583236,0.000122631675761849,9.1973756821387e-05,0,0.000337237108345086,0.000521184621987859,0.000459868784106935,0.00131829051443988,0.00318842356980808,3.06579189404623e-05,0.000214605432583236,0.00242197559629652,3.06579189404623e-05,0,0.00380158194861733,0.00944263903366239,0.00306579189404623,0.000153289594702312,3.06579189404623e-05,0.00361763443497455,0.00898277024955546,0.00168618554172543,0.0762769023238703,0.0116500091973757,0.0597829419339015,0.0111594824943283,0.00974921822306702,0.0222576491507756,0.00245263351523699
PPH - 12164,0.000293685756240822,0.00026698705112802,0.00106794820451208,0.00176211453744493,0.0013082365505273,0.00360432519022827,0.00307035108797223,0.00814310505940462,0.000614070217594447,8.00961153384061e-05,0.00026698705112802,0.000293685756240822,0.000186890935789614,2.6698705112802e-05,0.000240288346015218,0.000480576692030437,0.00026698705112802,0.000160192230676812,0.000213589640902416,0.000160192230676812,0.018342010412495,0.0329462021091977,0.00026698705112802,0.000640768922707249,0.000320384461353624,2.6698705112802e-05,0.00242958216526498,0.000106794820451208,0.0039781070618075,0.0288346015218262,0.00691496462421573,0.0358296622613803,0.000694166332932853,0.0422907488986784,0,0.013082365505273,5.33974102256041e-05,0.000347083166466426,0.0127352823388066,0.00210919770391136,0.00213589640902416,0.0013616339607529,0.00694166332932853,0.00114804431985049,0.00744893872647177,0.000587371512481645,0.0928046989720998,0.0463756507809371,0.0118809237751969,0.00459217727940195,0.0294219730343078,0.00806300894406621,0,2.6698705112802e-05,0.019009478040315,0.0123615004672273,0.0177279401949005,0.00536643972767321,0.0109731678013616,0.0117207315445201,0.0183153117073822,0.00218929381924977,0.0078494193031638,0.000320384461353624,0,2.6698705112802e-05,0.00248297957549059,0.00040048057669203,0.0040048057669203,0.00875717527699907,0.0127886797490322,0.000373781871579228,0.000240288346015218,0.00149512748631691,0.00240288346015218,0.0122814043518889,0.0164197036443732,0.0123615004672273,0.00344413295955146,0.00435188893338673,0.00184221065278334,0.00352422907488987,0.00590041382992925,0.00819650246963022,0.0122013082365505,0.00475236951007876,0.00937124549459351,0.00587371512481645,0.0013082365505273,0.00539313843278601,0.00197570417834735,0.000160192230676812,5.33974102256041e-05,2.6698705112802e-05,0.000667467627820051,0.00210919770391136,0.00218929381924977,0.000881057268722467,0.000373781871579228,0.00331063943398745,0.00221599252436257,0.000800961153384061,0.00451208116406354,0.002696569216393,0.00299025497263383,0.00112134561473769,0.00702175944466693,0.00851688693098385,0.00509945267654519,0.00253637698571619,0.00699506073955413,0.00549993325323722,0.0134561473768522,0.00998531571218796,0.0148177813376051,0.00808970764917901,0.00867707916166066,0.0110532639167,0.00582031771459084,0.0026164731010546,0.00483246562541717,5.33974102256041e-05,0.00013349352556401,0.00013349352556401,0,2.6698705112802e-05,0.000160192230676812,0.000854358563609665,0.000694166332932853,2.6698705112802e-05,0,0.00208249899879856,0.00272326792150581,0.000186890935789614,0.00208249899879856,0.000186890935789614,0.00101455079428648,0.00026698705112802,0.01524496061941,5.33974102256041e-05,0.000614070217594447,0.00312374849819784,0.0189827793352022,0,0.00867707916166066,0.00146842878120411,0.0481110666132693,0.00157522360165532,0.0122814043518889,0.0239754371912962,0.000186890935789614
PrCG - 12114,4.63821892393321e-05,4.63821892393321e-05,4.63821892393321e-05,0.000633889919604205,0.000108225108225108,0.000293753865182437,0.000448361162646877,0.00199443413729128,0.000123685837971552,0.000139146567717996,0.000262832405689549,7.73036487322202e-05,4.63821892393321e-05,0.000185528756957328,0.000139146567717996,0,0,0.000216450216450216,0.00023191094619666,0.000324675324675325,0.0023191094619666,0.00228818800247372,0.000170068027210884,7.73036487322202e-05,7.73036487322202e-05,1.5460729746444e-05,0.000185528756957328,4.63821892393321e-05,0.00409709338280767,0.00465367965367965,0.00879715522572665,0.00633889919604205,0.0015460729746444,0.0119356833642548,3.09214594928881e-05,0.00080395794681509,6.18429189857761e-05,4.63821892393321e-05,0.00183982683982684,0.000742115027829314,0.00163883735312307,0.00227272727272727,1.5460729746444e-05,0.0176716141001855,0.00117501546072975,0.0354514533085962,0.00023191094619666,0.00072665429808287,0.0349721706864564,0.00163883735312307,0.00230364873222016,0.00179344465058751,0.174768089053803,0.000139146567717996,0.0264223871366729,0.0046691403834261,0.0114409400123686,0.0344310451453309,3.09214594928881e-05,0.00269016697588126,0.00131416202844774,0.0620284477427335,0.0135126777983921,0.000757575757575758,0,3.09214594928881e-05,0.00584415584415584,0.00153061224489796,0.0028447742733457,0.0116264687693259,0.00677179962894249,0.000417439703153989,1.5460729746444e-05,0.00163883735312307,0.00132962275819419,0.0109771181199753,0.00640074211502783,0.0144867037724181,0.0032312925170068,0.00480828695114409,0.00125231910946197,0.00330859616573902,0.00888991960420532,0.00694186765615337,0.00943104514533086,0.00111317254174397,0.0288033395176252,0.00576685219542362,0.0117656153370439,0.00589053803339518,0.00225726654298083,3.09214594928881e-05,0.000139146567717996,0,0.000200989486703772,0.0062152133580705,0.000247371675943105,0.000463821892393321,9.27643784786642e-05,0.00610698824984539,0.00015460729746444,0.0011595547309833,0.0038961038961039,0.00293753865182437,0.00148423005565863,0.00100494743351886,0.00589053803339518,0.00418985776128633,0.00482374768089054,0.00301484230055659,0.00961657390228819,0.0117810760667904,0.0146876932591218,0.00964749536178108,0.0120284477427335,0.00616883116883117,0.0076530612244898,0.00901360544217687,0.0059678416821274,0.00293753865182437,0.00756029684601113,1.5460729746444e-05,6.18429189857761e-05,0.00119047619047619,1.5460729746444e-05,3.09214594928881e-05,0.000850340136054422,0.00321583178726036,0.000494743351886209,0.00483920841063698,0.00352504638218924,0,0.000216450216450216,0.00559678416821274,4.63821892393321e-05,1.5460729746444e-05,0.00108225108225108,0.0160791589363018,0.0114718614718615,0.00200989486703772,0.00165429808286951,0.000788497217068646,4.63821892393321e-05,0.110621521335807,0.00417439703153989,0.00119047619047619,0.0075139146567718,0.0116419294990724,0.000943104514533086,0.0234539270253556,0.000123685837971552
PRG - 146034892,0.000137715754682336,0,0.000137715754682336,0.000137715754682336,0.000872199779654792,0.000734484024972457,0.000780389276533235,0.0077120822622108,0.000367242012486228,4.59052515607786e-05,0.000183621006243114,9.18105031215571e-05,0.000137715754682336,0,0.000183621006243114,0.000137715754682336,0,0.000780389276533235,0.000596768270290121,0.000367242012486228,0.00950238707308116,0.00665626147631289,0.000826294528094014,0.000367242012486228,0.000137715754682336,4.59052515607786e-05,0.00211164157179581,9.18105031215571e-05,0.00275431509364671,0.012027175908924,0.0038560411311054,0.0168931325743665,0.000596768270290121,0.00716121924348145,0,0.00624311421226588,0.000137715754682336,0.000183621006243114,0.00537091443261109,0.000872199779654792,0.00110172603745869,0.00275431509364671,0.000550863018729343,4.59052515607786e-05,0.000413147264047007,9.18105031215571e-05,0.0959419757620272,0.0269922879177378,0.00133125229526258,0.0006426735218509,0.017627616599339,0.00472824091076019,0,0,0.0109254498714653,0.00229526257803893,0.00518729342636798,0.00394785163422696,0.00954829232464194,0.0055545354388542,0.00459052515607786,0.000275431509364671,0.00137715754682336,0.00201983106867426,0.00472824091076019,0.00105582078589791,0.00160668380462725,0.00032133676092545,0.00426918839515241,0.00881380829966948,0.00849247153874403,0.00183621006243114,0.00472824091076019,0.00114763128901946,0.00376423062798384,0.00605949320602277,0.00665626147631289,0.00596768270290121,0.00156077855306647,0.00174439955930958,0.00100991553433713,0.000688578773411678,0.00362651487330151,0.00243297833272126,0.00968600807932427,0.00266250459052516,0.00403966213734851,0.00298384135145061,0.000183621006243114,0.00156077855306647,0.00280022034520749,0.00582996694821888,0,4.59052515607786e-05,0.00133125229526258,0.00137715754682336,0.00275431509364671,0.000596768270290121,0.00436099889827396,0.00114763128901946,0.00100991553433713,0.00183621006243114,0.00638082996694822,0.0049118619170033,0.00477414616232097,0.00238707308116048,0.00408556738890929,0.00679397723099523,0.00665626147631289,0.00335108336393683,0.00867609254498715,0.0142306279838414,0.014919206757253,0.00674807197943445,0.0123026074182887,0.00766617701065002,0.00541681968417187,0.0121648916636063,0.00592177745134043,0.0038560411311054,0.0038560411311054,9.18105031215571e-05,0.000229526257803893,0,4.59052515607786e-05,0,0,0.000137715754682336,0.000550863018729343,0,0,0.0006426735218509,0.000459052515607786,0.000137715754682336,0.00100991553433713,0.000596768270290121,0,4.59052515607786e-05,0.000918105031215571,4.59052515607786e-05,0.0006426735218509,0.00179030481087036,0.0124862284245318,0,0.000918105031215571,0,0.0325927286081528,4.59052515607786e-05,0.00358060962174073,0.0139551964744767,0.00959419757620272
ReG - 12121,9.53652489032996e-05,0,0,0.000572191493419798,9.53652489032996e-05,0.000953652489032996,0.000381460995613199,0.00314705321380889,0,0,0.000190730497806599,9.53652489032996e-05,0,9.53652489032996e-05,0,0.000190730497806599,9.53652489032996e-05,0.000190730497806599,9.53652489032996e-05,0.000381460995613199,0.00658020217432767,0.0120160213618158,0.000190730497806599,0.000190730497806599,9.53652489032996e-05,0,0.000572191493419798,0.000476826244516498,0.0011443829868396,0.011443829868396,0.0011443829868396,0.00963189013923326,0.000190730497806599,0.0207896242609193,0,0.000953652489032996,0.000572191493419798,0.000667556742323097,0.00638947167652108,0.00257486172038909,0.00286095746709899,0.0012397482357429,0.00190730497806599,0.00896433339691017,0.0144955178333015,0.0258439824527942,0.00238413122258249,0.00343314896051879,0.0267022696929239,0.0772458516116727,0.0429143620064848,0.00410070570284188,0.0117299256151059,0,0.0301354186534427,0.0309937058935724,0.0341407591073813,0.0011443829868396,0.0010490177379363,0.00514972344077818,0.0131604043486553,0.00781995041007057,0.0109670036238795,0.00133511348464619,0.000572191493419798,0,0.00848750715239367,0.000953652489032996,0.00572191493419798,0.0161167270646576,0.0142094220865916,0.000476826244516498,9.53652489032996e-05,0.0010490177379363,0.00238413122258249,0.0184054930383368,0.0195498760251764,0.0176425710471104,0.00648483692542438,0.00486362769406828,0.00162120923135609,0.00276559221819569,0.00972725538813656,0.00867823765020027,0.017833301544917,0.00810604615678047,0.0133511348464619,0.0109670036238795,0.000858287240129697,0.000286095746709899,0.0011443829868396,0,0,0,0.0011443829868396,0.00495899294297158,0.00267022696929239,0.00286095746709899,0.000476826244516498,0.00381460995613199,0.00190730497806599,0.000667556742323097,0.00371924470722869,0.00286095746709899,0.00343314896051879,0.00171657448025939,0.00591264543200458,0.00743848941445737,0.00715239366774747,0.00200267022696929,0.00829677665458707,0.00362387945832539,0.0123021171085257,0.00734312416555407,0.0110623688727828,0.00705702841884417,0.00839214190349037,0.0107762731260729,0.00953652489032996,0.00247949647148579,0.00448216669845508,0,9.53652489032996e-05,0.0727636849132176,0,0,0.000190730497806599,0,0.000476826244516498,0.00133511348464619,0.00419607095174518,0,0,0.000381460995613199,0,0,0.00133511348464619,0.00286095746709899,0.000190730497806599,0,0,0.00381460995613199,0.00877360289910357,0,0.0196452412740797,0.00152584398245279,0.0580774365821095,0.00877360289910357,0.0144001525843982,0.0164981880602708,0
RoG - 146034876,4.83886576986354e-05,0,0.000338720603890448,0.000241943288493177,0.000483886576986354,0.00406464724668538,0.000774218523178167,0.0054679183199458,0.000193554630794542,4.83886576986354e-05,0,4.83886576986354e-05,0,0.000145165973095906,4.83886576986354e-05,9.67773153972709e-05,0,0.000145165973095906,4.83886576986354e-05,0.000435497919287719,0.00479047711216491,0.019113519790961,0.000193554630794542,4.83886576986354e-05,9.67773153972709e-05,0,0.000725829865479532,0.000193554630794542,0.000435497919287719,0.00251621020032904,0.000919384496274073,0.00498403174295945,4.83886576986354e-05,0.0331462305235653,4.83886576986354e-05,0.00241943288493177,9.67773153972709e-05,0.00053227523468499,0.00948417690893255,0.000338720603890448,0.000435497919287719,0.000241943288493177,0.000580663892383625,0.00420981321978128,0.004645311139069,0.078583180102584,0.00333881738120585,0.00440336785057583,0.0410819703861415,0.0215813413335914,0.0309687409271267,0.0120971644246589,0.0329526758927707,4.83886576986354e-05,0.0300977450885512,0.0112261685860834,0.0138391561018097,0.00270976483112358,0.00290331946191813,0.00343559469660312,0.00416142456208265,0.00440336785057583,0.00343559469660312,0.000677441207780896,4.83886576986354e-05,0,0.0083228491241653,0.00266137617342495,0.00570986160843898,0.039291590051292,0.013403658182522,0.00125810510016452,9.67773153972709e-05,0.000241943288493177,0.00256459885802768,0.0174683054292074,0.0140810993903029,0.00909706764734346,0.00241943288493177,0.00174199167715088,0.000338720603890448,0.00140327107326043,0.00474208845446627,0.0068228007355076,0.0288880286460854,0.0104035614052066,0.0183876899254815,0.00962934288202845,0.00706474402400077,0.00919384496274073,0.00604858221232943,4.83886576986354e-05,4.83886576986354e-05,0.000193554630794542,0.000919384496274073,0.00774218523178167,0.00164521436175361,0.000435497919287719,4.83886576986354e-05,0.00120971644246589,0.000387109261589084,0.00183876899254815,0.0120003871092616,0.00391948127358947,0.00875834704345302,0.00280654214652086,0.0240007742185232,0.0221136165682764,0.00943578825123391,0.00391948127358947,0.0263718184457563,0.0123874963708507,0.0140810993903029,0.0119036097938643,0.0251137133455918,0.0114681118745766,0.0158714797251524,0.0167424755637279,0.00977450885512436,0.00275815348882222,0.00629052550082261,0.000241943288493177,0.000145165973095906,0.000193554630794542,4.83886576986354e-05,4.83886576986354e-05,0.000145165973095906,0.000145165973095906,0.000241943288493177,0.00116132778476725,0.00237104422723314,0,0,0.00116132778476725,4.83886576986354e-05,0,0.000774218523178167,0.00164521436175361,0.000290331946191813,0,4.83886576986354e-05,0.00256459885802768,0.00687118939320623,0.0200329042872351,0.0193070744217555,0.00324204006580857,0.0288880286460854,0.00362914932739766,0.00706474402400077,0.0135488241556179,0
RSP - Yeo,2.94915654122921e-05,0,2.94915654122921e-05,0.000206440957886045,0.00014745782706146,0.000235932523298337,0.000324407219535213,0.000324407219535213,8.84746962368763e-05,0,5.89831308245842e-05,5.89831308245842e-05,0,0.00014745782706146,5.89831308245842e-05,0,0,0,0.000324407219535213,0.00085525539695647,0.00439424324643152,0.00153356140143919,0.000117966261649168,8.84746962368763e-05,0,0,0.000235932523298337,2.94915654122921e-05,0.00793323109590657,0.00890645275451221,0.00999764067476702,0.0151291730565058,0.00153356140143919,0.0122095080806889,2.94915654122921e-05,0.00109118792025481,0,8.84746962368763e-05,0.00268373245251858,0.00250678306004483,0.00159254453226377,0.000884746962368763,2.94915654122921e-05,0.0451515866462192,0.000412881915772089,0.000589831308245842,0.00156305296685148,0.00230034210215878,0.0743482364043883,0.00283119027958004,0.00123864574731627,0.135366285242421,0.000737289135307302,0.00162203609767606,0.00415831072313318,0.00516102394715112,0.0143623923557862,0.000766780700719594,0,0.000737289135307302,0.000825763831544178,0.0214403680547363,0.0102630647634776,0.00126813731272856,0.000117966261649168,0.000117966261649168,0.00914238527781055,0.00109118792025481,0.00235932523298337,0.0230034210215878,0.0198183319570603,0.000619322873658134,2.94915654122921e-05,0.000530848177421257,0.000766780700719594,0.0135366285242421,0.0277220714875546,0.0169871416774802,0.00294915654122921,0.00716645039518698,0.00212339270968503,0.00321458062993984,0.00666509378317801,0.00675356847941489,0.0138610357437773,0.00215288427509732,0.0299634304588888,0.0132417128701191,0.0205261295269553,0.00943730093193347,0.00168101922850065,2.94915654122921e-05,0,2.94915654122921e-05,5.89831308245842e-05,0.00492509142385278,0.00174000235932523,0.000206440957886045,2.94915654122921e-05,0.00607526247493217,0.000117966261649168,0.000766780700719594,0.00572136368998466,0.00415831072313318,0.00454170107349298,0.00135661200896544,0.0139495104400142,0.0110888285950218,0.00728441665683614,0.00333254689158901,0.015040698360269,0.0101156069364162,0.0161613778459361,0.015748495930164,0.0222366403208682,0.00899492745074909,0.0156895127993394,0.0176359561165507,0.00940780936652117,0.00253627462545712,0.00887696118909992,0.000206440957886045,0.000206440957886045,0.000117966261649168,0,2.94915654122921e-05,0.000294915654122921,0.000442373481184381,0.000265424088710629,0.00014745782706146,0,5.89831308245842e-05,2.94915654122921e-05,0.00607526247493217,0.000501356612008965,0,0.00168101922850065,0.0104105225905391,0.00232983366757107,0.00168101922850065,0,0.00657661908694113,0,0.000206440957886045,0.018078329597735,0.02907868349652,0.0321752978648107,0.00914238527781055,0.00533797333962487,0.0166037513271204,0
SCG - 12160,2.9806259314456e-05,0,0.000268256333830104,0.00166915052160954,0.000476900149031297,0.000596125186289121,0.000834575260804769,0.00673621460506706,5.96125186289121e-05,5.96125186289121e-05,0.000238450074515648,2.9806259314456e-05,2.9806259314456e-05,0.000119225037257824,0.00014903129657228,0,2.9806259314456e-05,5.96125186289121e-05,0.000178837555886736,0.000268256333830104,0.00801788375558867,0.0129359165424739,0.000447093889716841,0.00029806259314456,0.000268256333830104,5.96125186289121e-05,0.000536512667660209,5.96125186289121e-05,0.00181818181818182,0.0104321907600596,0.00101341281669151,0.00998509687034277,0.000178837555886736,0.0138002980625931,5.96125186289121e-05,0.00184798807749627,0.000238450074515648,0.000774962742175857,0.0019672131147541,0.00253353204172876,0.00685543964232489,0.00190760059612519,0.00900149031296572,0.00786885245901639,0.0103725782414307,0.0678986587183309,0.00414307004470939,0.00450074515648286,0.0121013412816692,0.0302831594634873,0.0868256333830104,0.00256333830104322,0.00166915052160954,0,0.0276304023845007,0.0252757078986587,0.0266169895678092,0.00676602086438152,0.0208643815201192,0.00709388971684054,0.0219076005961252,0.0177049180327869,0.00929955290611028,0.000983606557377049,0.000685543964232489,5.96125186289121e-05,0.00754098360655738,0.00134128166915052,0.00733233979135618,0.0145454545454545,0.0101639344262295,0.000774962742175857,0.000357675111773472,0.00143070044709389,0.00482861400894188,0.0161847988077496,0.0150223546944858,0.0159761549925484,0.00724292101341282,0.0064381520119225,0.00277198211624441,0.00479880774962742,0.0093591654247392,0.0151415797317437,0.0185096870342772,0.0114157973174367,0.0132637853949329,0.0110879284649776,0.00116244411326379,0.00625931445603577,0.00476900149031297,0.000208643815201192,2.9806259314456e-05,2.9806259314456e-05,0.00277198211624441,0.00307004470938897,0.00321907600596125,0.0034575260804769,0.000596125186289121,0.00399403874813711,0.00163934426229508,0.00110283159463487,0.00476900149031297,0.00351713859910581,0.00551415797317437,0.00175856929955291,0.00846497764530551,0.0106408345752608,0.00730253353204173,0.0022354694485842,0.00867362146050671,0.00387481371087928,0.0136512667660209,0.00685543964232489,0.0100447093889717,0.00673621460506706,0.00867362146050671,0.0132637853949329,0.0116840536512668,0.00250372578241431,0.00473919523099851,8.94187779433681e-05,0.000923994038748137,0.000208643815201192,5.96125186289121e-05,2.9806259314456e-05,0.000357675111773472,8.94187779433681e-05,0.000387481371087928,0.00143070044709389,0.00688524590163934,0,0,0.000387481371087928,0,8.94187779433681e-05,0.00536512667660209,0.00631892697466468,0.000596125186289121,0,0,0.00113263785394933,0.0221460506706408,2.9806259314456e-05,0.0175856929955291,0.000327868852459016,0.0235767511177347,0.00327868852459016,0.00676602086438152,0.0230998509687034,2.9806259314456e-05
SIG - 12178,0.000187436405505275,0,0.000133883146789482,0.000990735286242168,0.00037487281101055,0.000776522251378996,0.000776522251378996,0.00581052857066352,0.000696192363305307,8.03298880736893e-05,0.000401649440368446,5.35532587157929e-05,0.000214213034863171,0.000133883146789482,0.000107106517431586,2.67766293578964e-05,8.03298880736893e-05,8.03298880736893e-05,0.000455202699084239,0.000107106517431586,0.00441814384405291,0.00950570342205323,0.000160659776147379,0.000107106517431586,8.03298880736893e-05,0,0.000776522251378996,5.35532587157929e-05,0.00409682429175815,0.0130134418679377,0.00664060408075831,0.0149681358110641,0.000589085845873721,0.0223049322551277,0,0.00254377978900016,8.03298880736893e-05,5.35532587157929e-05,0.0052482193541477,0.0007497456220211,0.00289187597065281,0.00179403416697906,0.0037219514807476,0.00107106517431586,0.00318641889358967,0.00117817169174744,0.0357200235634338,0.0803031114443314,0.0515450115139506,0.0306056873560756,0.015771434691801,0.0239383066459594,0.000348096181652654,0.0014727146146843,0.0414769988753816,0.0176457987468537,0.0225994751780646,0.0104161088202217,0.00323997215230547,0.00637283778717935,0.0134686445670219,0.0226262518074225,0.00958603331012692,0.000562309216515825,0,0.000160659776147379,0.00350773844588443,0.000776522251378996,0.0037487281101055,0.00926471375783216,0.0179135650404327,0.0007497456220211,0.000160659776147379,0.0014994912440422,0.00160659776147379,0.0113532908477481,0.0136293043431693,0.00931826701654796,0.00404327103304236,0.00396294114496867,0.00115139506238955,0.00278476945322123,0.00583730520002142,0.00626573126974776,0.0127456755743587,0.00230279012477909,0.0145397097413378,0.00792588228993734,0.00666738071011621,0.00503400631928453,0.00144593798532641,0,0,2.67766293578964e-05,0.000240989664221068,0.00246344990092647,0.000883628768810582,0.000428426069726343,0.000107106517431586,0.00535532587157929,0.000963958656884271,0.00120494832110534,0.0029989824880844,0.00187436405505275,0.00120494832110534,0.00107106517431586,0.00511433620735822,0.00490012317249505,0.00353451507524233,0.00182081079633696,0.00739034970277941,0.00656027419268462,0.0118084935468323,0.00800621217801103,0.0112997375890323,0.006720933968832,0.00733679644406362,0.00835430835966369,0.00495367643121084,0.00251700315964226,0.00444492047341081,8.03298880736893e-05,0.000133883146789482,0.000214213034863171,0.000321319552294757,8.03298880736893e-05,0.000214213034863171,0.00254377978900016,0.00155304450275799,0.000240989664221068,0.000267766293578964,0.00101751191560006,0.00479301665506346,0.000401649440368446,0.00243667327156857,0.000401649440368446,0.00259733304771595,0.00795265891929524,0.0126385690569271,0.000348096181652654,0.00203502383120013,0.0159856477266642,0.00404327103304236,2.67766293578964e-05,0.0411289026937289,0.0117549402881165,0.060488405719488,0.00915760724040058,0.0158249879505168,0.0257323408129385,0.0145932630000536
SMG - 12135,0.000107610771838261,0.000134513464797826,5.38053859191305e-05,0.00107610771838261,0.000188318850716957,0.000484248473272175,0.000780178095827392,0.00465416588200479,0.000161416157757392,2.69026929595653e-05,0.000134513464797826,0,5.38053859191305e-05,0.000107610771838261,0.000134513464797826,0,2.69026929595653e-05,0.000242124236636087,0.000269026929595653,0.000188318850716957,0.00341664200586479,0.00863576444002045,0.000107610771838261,0.000134513464797826,5.38053859191305e-05,5.38053859191305e-05,0.000538053859191305,0.000161416157757392,0.00188318850716957,0.0110570068063813,0.00468106857496435,0.0162492265475774,0.000403540394393479,0.0216028624465309,0,0.00115681579726131,5.38053859191305e-05,2.69026929595653e-05,0.0025557558311587,0.000430443087353044,0.00166796696349305,0.000457345780312609,8.07080788786958e-05,0.000753275402867827,0.00102230233246348,0.000995399639503914,0.0165451561701326,0.0381480186166635,0.102337844018186,0.0439590002959296,0.0109224933415835,0.0179709988969896,0.00199079927900783,2.69026929595653e-05,0.0234591482607409,0.0133437357079444,0.0246428667509618,0.00629523015253827,5.38053859191305e-05,0.00134513464797826,0.00304000430443087,0.0167334750208496,0.00973877485136262,0.000430443087353044,0,2.69026929595653e-05,0.00677947862581044,0.00180248042829087,0.00772107287939523,0.0203922412633505,0.0253961421538296,0.000887788867665653,8.07080788786958e-05,0.00126442656909957,0.000941594253584784,0.0170025019504452,0.0196389658604826,0.0100347044739178,0.0025557558311587,0.00430443087353044,0.00134513464797826,0.00333593392698609,0.00616071668774044,0.00476177665384305,0.0163568373194157,0.00209841005084609,0.0227865809367518,0.0100347044739178,0.00505770627639827,0.00277097737483522,0.00215221543676522,2.69026929595653e-05,8.07080788786958e-05,0,0.000161416157757392,0.00489629011864088,0.000968496946544349,0.000349735008474348,0.000107610771838261,0.00425062548761131,0.000403540394393479,0.000780178095827392,0.0044120416453687,0.00142584272685696,0.00204460466492696,0.000807080788786958,0.00774797557235479,0.00938903984288827,0.00559576013558957,0.00185628581421,0.00976567754432219,0.00812461327378871,0.0156035619165478,0.0140701084178526,0.0220602082268435,0.00863576444002045,0.0124290441473191,0.0112453256570983,0.00613381399478088,0.00282478276075435,0.00667186785397218,2.69026929595653e-05,5.38053859191305e-05,2.69026929595653e-05,0,2.69026929595653e-05,5.38053859191305e-05,0.00126442656909957,0.00121062118318044,0.000161416157757392,0.000134513464797826,0.00188318850716957,0.00314761507626913,0.00051115116623174,0.00301310161147131,0.000699470016948697,0.000914691560625219,0.00451965241720696,0.00807080788786958,0.000295929622555218,0.000215221543676522,0.0241855209706492,0,2.69026929595653e-05,0.0523257378063544,0.0104382448683113,0.070485055554061,0.0107610771838261,0.00764036480051653,0.018132415054747,0.00301310161147131
SOG - 12154,0.000241005336546738,0.000103288001377173,0,0.00103288001377173,0.000206576002754347,0.000998450679979342,0.000482010673093476,0.00571526940953693,0.000378722671716302,3.44293337923911e-05,0.000137717335169564,0,0.000103288001377173,0,0.00030986400413152,3.44293337923911e-05,3.44293337923911e-05,0.000137717335169564,0.000206576002754347,0.000137717335169564,0.00516440006885867,0.00633499741779997,6.88586675847822e-05,0.000103288001377173,0.000137717335169564,0.000103288001377173,0.000723016009640213,0.000275434670339129,0.00344293337923911,0.0181786882423825,0.00530211740402823,0.0206231709416423,0.000654157342055431,0.0224823549664314,0,0.00158374935444999,3.44293337923911e-05,6.88586675847822e-05,0.00213461869512825,0.00189361335858151,0.00213461869512825,0.00113616801514891,0,0.000688586675847822,0.0023067653640902,6.88586675847822e-05,0.014081597521088,0.0223102082974694,0.0945773799276984,0.0392150111895335,0.00351179204682389,0.0242382509898433,0.00061972800826304,0.000103288001377173,0.0175589602341195,0.0130487175073162,0.029574797727664,0.00809089344121191,6.88586675847822e-05,0.00130831468411086,0.00247891203305216,0.0300223790669651,0.00915820278877604,0.000344293337923911,0,0,0.00533654673782062,0.00127388535031847,0.00451024272680324,0.0131864348424858,0.019280426923739,0.000654157342055431,6.88586675847822e-05,0.000998450679979342,0.000860733344809778,0.0113961094852815,0.017249096229988,0.00908934412119125,0.00247891203305216,0.00378722671716302,0.000826304011017387,0.00378722671716302,0.00623170941642279,0.00506111206748149,0.0140471681872956,0.00113616801514891,0.0196935789292477,0.0105353761404717,0.00461353072818041,0.00626613875021518,0.00158374935444999,3.44293337923911e-05,0,0,0.000172146668961956,0.00468238939576519,0.000654157342055431,0.00030986400413152,3.44293337923911e-05,0.00413152005508693,0.000550869340678258,0.000654157342055431,0.00299535203993803,0.00151489068686521,0.00151489068686521,0.000378722671716302,0.00674814942330866,0.00526768807023584,0.00437252539163367,0.0015493200206576,0.00705801342744018,0.00636942675159236,0.0124634188328456,0.0100877948011706,0.0184541229127216,0.00709244276123257,0.0112928214839043,0.0109485281459804,0.00499225339989671,0.0023067653640902,0.00554312274057497,0,0,6.88586675847822e-05,0,3.44293337923911e-05,0.000103288001377173,0.000585298674470649,0.0015493200206576,3.44293337923911e-05,0,0.00254777070063694,0.00282320537097607,0.000344293337923911,0.00495782406610432,0.000275434670339129,0.00213461869512825,0.00809089344121191,0.011533826820451,0.000550869340678258,0.000413152005508693,0.0237562403167499,0,3.44293337923911e-05,0.0644517128593562,0.0145636081941814,0.0894129798588397,0.0191427095885695,0.0141504561886727,0.023411946978826,0.00251334136684455
SPL - 12133,2.95621840541579e-05,5.91243681083158e-05,0.000206935288379105,0.00186241759541195,0.000177373104324948,0.000413870576758211,0.000443432760812369,0.00443432760812369,0.000177373104324948,2.95621840541579e-05,0.000236497472433263,5.91243681083158e-05,2.95621840541579e-05,5.91243681083158e-05,0.000118248736216632,0,2.95621840541579e-05,8.86865521624738e-05,2.95621840541579e-05,0.000325184024595737,0.00378395955893221,0.003931770479203,0.000118248736216632,8.86865521624738e-05,8.86865521624738e-05,2.95621840541579e-05,0.000532119312974843,0,0.00443432760812369,0.0152540869719455,0.00727229727732285,0.0167913205427617,0.00070949241729979,0.015727081916812,0,0.000620805865137316,8.86865521624738e-05,2.95621840541579e-05,0.001685044491087,0.0014781092027079,0.00230585035622432,0.00156679575487037,2.95621840541579e-05,0.00189197977946611,0.00189197977946611,0.002246725988116,0.015904455021137,0.0216395187276436,0.130398793862891,0.0391994560558134,0.00493688473704437,0.0272267715138794,0.00419783013569042,0.000443432760812369,0.0280545126673959,0.0128004256954504,0.0208117775741272,0.00730185946137701,5.91243681083158e-05,0.00100511425784137,0.00138942265054542,0.0242705531084637,0.00957814763354717,0.000384308392704053,0,5.91243681083158e-05,0.0063263073875898,0.0014781092027079,0.00487776036893606,0.015904455021137,0.0207230910219647,0.00103467644189553,2.95621840541579e-05,0.00109380081000384,0.00070949241729979,0.0160522659414077,0.018151181009253,0.00945989889733053,0.00298578058946995,0.0031631536937949,0.00103467644189553,0.00236497472433263,0.00470038726461111,0.00378395955893221,0.0142489727141041,0.00150767138676205,0.0210778372306146,0.0087799686640849,0.00588287462677743,0.00736098382948532,0.001685044491087,0,0,2.95621840541579e-05,2.95621840541579e-05,0.00360658645460727,0.000502557128920685,0.000266059656487421,0.000177373104324948,0.00464126289650279,0.000236497472433263,0.00070949241729979,0.00245366127649511,0.0014781092027079,0.00109380081000384,0.000650368049191474,0.0063263073875898,0.00461170071244864,0.00399089484731132,0.00138942265054542,0.00759748130191859,0.00706536198894374,0.0129777987997753,0.0122387441984214,0.0199249120525024,0.00762704348597274,0.0107015106276052,0.0107015106276052,0.00502557128920685,0.00274928311703669,0.00555769060218169,0,5.91243681083158e-05,0.00014781092027079,0,0,0.000206935288379105,0.00156679575487037,0.00070949241729979,0.000502557128920685,8.86865521624738e-05,0.00106423862594969,0.00269015874892837,0.00070949241729979,0.00233541254027848,0.000472994944866527,0.00283796966919916,0.00895734176840985,0.00963727200165548,0.000295621840541579,0.000206935288379105,0.0326957755638987,2.95621840541579e-05,0.000295621840541579,0.061962337777515,0.0146332811068082,0.0624353327223815,0.0185650515860112,0.00869128211192243,0.018151181009253,8.86865521624738e-05
STG - 12140,0.000276187606708848,0.000150647785477553,0.000125539821231295,0.00504670081349804,0.00102942653409662,0.00276187606708848,0.00828562820126544,0.00863713970071307,0.00107964246258913,0.000100431856985036,0.000477051320678919,7.53238927387767e-05,2.51079642462589e-05,0.000351511499447625,0.000351511499447625,0,5.02159284925178e-05,0.000351511499447625,0.000853670784372803,0.00190820528271568,0.0169227679019785,0.00888821934317566,0.000200863713970071,0.00022597167821633,0.000175755749723812,5.02159284925178e-05,0.00150647785477553,2.51079642462589e-05,0.0189565130059255,0.0602591141910214,0.0387666967962238,0.0810234006226775,0.0054986441699307,0.0500150647785478,2.51079642462589e-05,0.00246058049613337,0,2.51079642462589e-05,0.00685447423922868,0.00685447423922868,0.00170734156874561,0.00070302299889525,7.53238927387767e-05,0.00105453449834287,0.00208396103243949,0.000150647785477553,0.0138595962639349,0.0282715677412875,0.0702771919252787,0.028999698704429,0.00454454152857286,0.0322386260921964,0.000175755749723812,0.00102942653409662,0.0309832278798835,0.0113739078035553,0.0116500954102641,0.00444410967158783,7.53238927387767e-05,0.00205885306819323,0.00243547253188711,0.0266144421010344,0.00645274681128854,0.00022597167821633,0,5.02159284925178e-05,0.0032389273877674,0.000677915034648991,0.0019584212112082,0.00720598573867631,0.0177262227578588,0.000401727427940143,0,0.000652807070402732,0.000376619463693884,0.00956613437782465,0.0133323290147635,0.00672893441799739,0.00170734156874561,0.00328914331625992,0.00118007431957417,0.00163201767600683,0.00406749020789394,0.00404238224364769,0.00800944059455659,0.00120518228382043,0.0145877272270764,0.0073315255599076,0.00499648488500552,0.00369087074420006,0.00153158581902179,0,0,2.51079642462589e-05,0,0.00316360349502862,0.000276187606708848,0.000100431856985036,0,0.0032389273877674,0.000527267249171437,0.000627699106156473,0.00266144421010344,0.00115496635532791,0.000853670784372803,0.000527267249171437,0.00467008134980416,0.00489605302802049,0.00321381942352114,0.00130561414080546,0.00655317866827358,0.00482072913528171,0.0110223963041077,0.00851159987948177,0.0157678015466506,0.00544842824143818,0.00705533795319875,0.00866224766495933,0.00381641056543135,0.00133072210505172,0.00376619463693884,0.000100431856985036,0,5.02159284925178e-05,2.51079642462589e-05,2.51079642462589e-05,0.000125539821231295,0.000803454855880285,0.000903886712865321,0,2.51079642462589e-05,0.000652807070402732,0.00246058049613337,0.000376619463693884,0.0026865521743497,0.000175755749723812,0.00105453449834287,0.00667871848950487,0.0103444812694587,0.000251079642462589,0.000627699106156473,0.0143868635131064,0,2.51079642462589e-05,0.0411519533996184,0.00655317866827358,0.0392688560811489,0.00846138395098925,0.00559907602691574,0.0181530581500452,0.00333935924475244
TP - 12146,0.00015352493244903,6.14099729796119e-05,0.000184229918938836,0.000890444608204372,0.000122819945959224,0.00132031441906166,0.000368459837877671,0.00936502087939081,0.00015352493244903,0,9.21149594694178e-05,3.07049864898059e-05,0,6.14099729796119e-05,9.21149594694178e-05,6.14099729796119e-05,9.21149594694178e-05,0.000337754851387865,0.000214934905428642,9.21149594694178e-05,0.00641734217636944,0.0125583394743306,0.000429869810857283,0.000429869810857283,0.000214934905428642,9.21149594694178e-05,0.0010132645541636,0.000214934905428642,0.00184229918938836,0.0163350528125768,0.00175018422991894,0.0164271677720462,0.000122819945959224,0.0135101940555146,6.14099729796119e-05,0.00687791697371653,0.000122819945959224,3.07049864898059e-05,0.00368459837877671,0.000859739621714566,0.00218005404077622,0.00116678948661263,0.00445222304102186,0.0015659543109801,0.0149226234340457,0.00279415377057234,0.126228199459592,0.04114468189634,0.00377671333824613,0.00767624662245149,0.0392716777204618,0.00758413166298207,0.00082903463522476,0,0.0180852370424957,0.0100712355686563,0.0163657577990666,0.00488209285187915,0.0214934905428642,0.0130496192581675,0.0247482191107836,0.00420658314910341,0.0087816261360845,0.000921149594694178,6.14099729796119e-05,0.000399164824367477,0.0046364529599607,0.00119749447310243,0.00739990174404323,0.0124355195283714,0.0101019405551462,0.000706214689265537,0.000644804716285925,0.00218005404077622,0.00552689756816507,0.013295259150086,0.0135101940555146,0.0148919184475559,0.00512773274379759,0.00528125767624662,0.00239498894620486,0.00561901252763449,0.0106239253254729,0.00991771063620732,0.0191292065831491,0.00690862196020634,0.00951854581183984,0.00598747236551216,0.00113608450012282,0.00325472856791943,0.00313190862196021,0.000337754851387865,0.000122819945959224,3.07049864898059e-05,0.00119749447310243,0.00184229918938836,0.00325472856791943,0.00214934905428642,0.000890444608204372,0.00353107344632768,0.00365389339228691,0.00202652910832719,0.00850528125767625,0.00432940309506264,0.00457504298698109,0.00214934905428642,0.00841316629820683,0.0107467452714321,0.00792188651436993,0.00270203881110292,0.00884303610906411,0.00779906656841071,0.0188528617047409,0.0130496192581675,0.0160894129206583,0.00991771063620732,0.0112687300417588,0.0171640874478015,0.00779906656841071,0.00307049864898059,0.00564971751412429,3.07049864898059e-05,6.14099729796119e-05,0.000399164824367477,0.000184229918938836,0,0.000276344878408254,0.000122819945959224,0.00254851387865389,9.21149594694178e-05,0,0.00307049864898059,0.00132031441906166,9.21149594694178e-05,0.00368459837877671,0.00245639891918448,0.000859739621714566,0.00015352493244903,0.00961066077130926,0.000276344878408254,0.002057234094817,0.00313190862196021,0.0202345860967821,0,0.00426799312208303,0.000583394743306313,0.0552689756816507,0.000399164824367477,0.00635593220338983,0.0198047162859248,0.0239498894620486
TTG - 12144,9.23162138043512e-05,3.07720712681171e-05,6.15441425362341e-05,0.0014462873496015,0.000615441425362341,0.000707757639166692,0.0014462873496015,0.00473889897529003,0.00052312521155799,6.15441425362341e-05,0.000430808997753639,9.23162138043512e-05,6.15441425362341e-05,6.15441425362341e-05,0.000184632427608702,3.07720712681171e-05,9.23162138043512e-05,0.000276948641413054,0.000646213496630458,0.000123088285072468,0.00418500169246392,0.0037849647659784,3.07720712681171e-05,3.07720712681171e-05,0,3.07720712681171e-05,0.00052312521155799,0,0.00464658276148568,0.0136935717143121,0.00652367910884082,0.0132935347878266,0.00132319906452903,0.0133550789303628,6.15441425362341e-05,0.00200018463242761,0,3.07720712681171e-05,0.00255408191525372,0.00240022155891313,0.00406191340739145,0.0016309197772102,0.000553897282826107,0.000984706280579746,0.00393882512231898,9.23162138043512e-05,0.0201864787518848,0.0360956395975013,0.082007569929532,0.0322491306889867,0.00443117826260886,0.0371111179493492,0.000123088285072468,0.0075699295319568,0.0653291073022125,0.0162784257008339,0.0191402283287688,0.00538511247192049,6.15441425362341e-05,0.00593900975474659,0.00713912053420316,0.0346185801766317,0.0077545619595655,0.000738529710434809,0,9.23162138043512e-05,0.0039695971935871,0.00104625042311598,0.00196941256115949,0.00664676739391328,0.0213865895313414,0.000615441425362341,0,0.00135397113579715,0.000430808997753639,0.0124626888635874,0.0185555589746746,0.0101240114472105,0.00286180262793489,0.00461581069021756,0.00156937563467397,0.00206172877496384,0.00363110440963781,0.00606209803981906,0.00870849616887713,0.00129242699326092,0.0177247130504354,0.00824691509985537,0.0116933870818845,0.00824691509985537,0.00200018463242761,3.07720712681171e-05,3.07720712681171e-05,0,6.15441425362341e-05,0.00332338369695664,0.000461581069021756,0.000276948641413054,6.15441425362341e-05,0.00615441425362341,0.000769301781702926,0.000553897282826107,0.00307720712681171,0.00129242699326092,0.000953934209311629,0.000492353140289873,0.00483121518909438,0.00556974489952919,0.00301566298427547,0.00184632427608702,0.00760070160322491,0.00698526017786257,0.0138166599993846,0.0110779456565221,0.0156014401329353,0.006308274609964,0.00855463581253654,0.00913930516663077,0.00575437732713789,0.00203095670369573,0.00593900975474659,3.07720712681171e-05,0,0,3.07720712681171e-05,3.07720712681171e-05,0.000307720712681171,0.00175400806228267,0.00132319906452903,6.15441425362341e-05,6.15441425362341e-05,0.000553897282826107,0.00449272240514509,3.07720712681171e-05,0.00353878819583346,0.000276948641413054,0.00320029541188417,0.0124011447210512,0.0143705572822107,0.000430808997753639,0.000615441425362341,0.0131704465027541,6.15441425362341e-05,0.000123088285072468,0.0524356094408715,0.0209865526048558,0.0406191340739145,0.0197556697541311,0.0116318429393482,0.0289872911345663,0.00932393759423947
